title,author,Genere,Height,Publisher
Prodder,Joanne Petts,jcb,1239,Kanoodle
Temp,Al Farn,diners-club-us-ca,1681,Youtags
Tin,Chandra Ferrarin,americanexpress,1418,Eamia
Zaam-Dox,Colette Rayworth,jcb,1692,Teklist
Pannier,Nikki Garrettson,diners-club-enroute,1620,Rhycero
Redhold,Bradney Dickson,jcb,932,Minyx
Gembucket,Obadias Silveston,jcb,1641,Skyndu
Gembucket,Russell Hamnet,jcb,1915,Topicshots
Asoka,Sophronia Ebbins,maestro,1840,Kwilith
Bitwolf,Cecilio Brach,china-unionpay,687,Gigaclub
Konklab,Easter Dockray,mastercard,977,Katz
Veribet,Sanders Greetham,jcb,483,Fliptune
Veribet,Adriane Fishbourn,jcb,894,Brainbox
It,Janaye Nappin,mastercard,1177,Aimbo
Andalax,Amaleta Iannitti,jcb,1158,Eire
Flexidy,Calhoun Petrakov,diners-club-enroute,1177,Browsetype
Aerified,Sullivan Lavalde,china-unionpay,167,Voonyx
Ventosanzap,Marlie Sedgemore,visa,1087,Brainverse
Transcof,Wait Candish,china-unionpay,489,Bubbletube
Bitwolf,Shaun Scruby,instapayment,571,Zoomdog
Bytecard,Laurena Mould,jcb,1409,Flashspan
Stronghold,Bartolemo Degan,visa,1399,Twitterbridge
Ronstring,Jayson Burree,jcb,189,Skidoo
Regrant,Cherilyn Graddon,visa,555,Twimbo
Quo Lux,Chancey Swalwell,china-unionpay,803,Dabfeed
Andalax,Farlie Aldham,jcb,1270,Meetz
Solarbreeze,Alejandro Wennington,jcb,70,Jayo
Stim,Robinett Soane,jcb,826,Eare
Ronstring,Dannel Mulloch,jcb,1829,Jamia
Bytecard,Thane Caskie,diners-club-enroute,1691,Kwilith
Tin,Ozzy Dysart,instapayment,1549,Oyoloo
Transcof,Salim Tooley,jcb,524,Gigabox
Holdlamis,Chevy Guppy,jcb,1932,Yakijo
Cardguard,Dionne Arthur,jcb,1913,Dabshots
Flowdesk,Rianon Josovitz,jcb,871,Photospace
Stim,Shaylyn Sterre,jcb,1312,Npath
Bytecard,Abraham Le Fleming,visa-electron,1234,Viva
Y-find,Tucker Govier,switch,623,Cogibox
Overhold,Darsey Alberts,jcb,1574,Meetz
Sonair,Rodie Bridal,jcb,903,Yodo
Tres-Zap,Debor Derry,jcb,732,Wikibox
Zoolab,Giana Roderham,maestro,1308,Divavu
Namfix,Ferdinand Timpany,switch,482,Brainbox
Biodex,Munroe Measures,switch,1703,Shuffledrive
Tampflex,Dene Joynt,maestro,1468,Dynazzy
Zaam-Dox,Eddi Klemenz,jcb,846,Kazio
Aerified,Dian Hourahan,jcb,197,Dynabox
Namfix,Donelle Maskill,mastercard,1331,Jaloo
Span,Lulu Korda,jcb,1493,Wordtune
Veribet,Chelsy Rymour,maestro,1240,Flipopia
Job,Kahaleel Flavelle,maestro,139,Wikido
Treeflex,Stillman Brennenstuhl,jcb,511,Oyoba
Konklab,Minor MacGiffin,switch,1190,Gabspot
Bitwolf,Verene Bruinemann,jcb,477,Wikizz
Regrant,Emmaline Farnish,diners-club-carte-blanche,974,Yabox
Konklab,Burty De la Harpe,americanexpress,1352,Wordpedia
Bitwolf,Suellen Abbitt,jcb,378,Oyoyo
Matsoft,Judas Paulillo,jcb,1763,Oyondu
Hatity,Marena Redihough,americanexpress,1356,Layo
Bitwolf,Hector Ritchley,visa-electron,1294,Myworks
Y-Solowarm,Marlowe Fellos,bankcard,1270,Pixoboo
Y-find,Maegan Aujouanet,mastercard,1097,Flashpoint
Sub-Ex,Shandra Toyne,maestro,1352,Tagfeed
Keylex,Kevin Le Port,jcb,1369,Pixoboo
Bytecard,Sancho Achrameev,jcb,86,Livepath
Namfix,Odelinda Hoff,jcb,1825,Agivu
Andalax,Martin Deex,jcb,1313,Kazio
Viva,Edythe Frye,bankcard,1949,Oyope
Redhold,Joyan Roe,jcb,1246,Quatz
Tresom,Patsy Mathiasen,jcb,727,Vitz
Kanlam,Con Iacobassi,diners-club-carte-blanche,1698,Pixonyx
Job,Aron Junes,jcb,1102,Quaxo
Temp,Leland Kirkby,bankcard,819,Zava
Gembucket,Thorpe Dziwisz,visa,392,Einti
Prodder,Gaultiero Orta,jcb,1528,Plambee
Aerified,Margaretta Stephenson,jcb,113,Eimbee
Daltfresh,Melanie Kopecka,visa-electron,1052,Layo
Latlux,Kyle Laydon,jcb,603,Oyope
Zamit,Pierre Ligoe,jcb,1381,Thoughtstorm
Prodder,Saudra Rennick,mastercard,1248,Tagcat
Quo Lux,Rozalin Ramsbotham,maestro,1210,Twimm
Opela,Nataline Sawers,maestro,429,Zoovu
Wrapsafe,Margette Pote,instapayment,691,Devify
Ronstring,Jerri Domanek,visa-electron,979,Blogtag
Mat Lam Tam,Nicolais Leggate,jcb,1902,Lazz
Redhold,Gabriela Triggol,diners-club-enroute,390,Plajo
Y-find,Alayne Grevel,jcb,347,Edgeblab
Toughjoyfax,Elbert McVeigh,jcb,736,Devshare
Latlux,Olvan Avramow,jcb,323,Browsezoom
Regrant,Riva Itzkin,americanexpress,1792,Buzzshare
Cardify,Caria Hamsher,mastercard,1708,Tazzy
Fix San,Tasha Casetti,americanexpress,1892,Skinix
Stim,Audrie Shuttell,jcb,1362,Lajo
Greenlam,Sylvester Sheldrake,americanexpress,1508,Meeveo
Y-find,Ralph Tabram,china-unionpay,1637,Miboo
Voltsillam,Sharai Quennell,jcb,1420,Oyoba
Alphazap,Hillel Weyland,jcb,424,Realpoint
Bigtax,Alexi Healing,jcb,505,Gabcube
Flexidy,Cristi Simioli,jcb,1705,Yombu
Andalax,Madel Sabattier,visa-electron,1751,Yakijo
Quo Lux,Engelbert Tilling,jcb,1196,Babblestorm
Mat Lam Tam,Adamo Loynton,mastercard,1674,Yodo
Duobam,Correy Selly,laser,1695,Dazzlesphere
Biodex,Hillery Hollows,switch,1164,Babbleopia
Y-find,Kiley Charlin,jcb,1842,Brainsphere
Zaam-Dox,Sonnie Dashkovich,jcb,1231,Dazzlesphere
Kanlam,Michal Glyn,instapayment,138,Innotype
Zoolab,Edwina Corten,jcb,782,Roombo
Flowdesk,Agretha Treleven,jcb,1146,Photofeed
Otcom,Tannie McKintosh,instapayment,1132,Quinu
Holdlamis,Goldie Sapson,instapayment,1245,Voonte
Flexidy,Sholom Murgatroyd,maestro,1827,Bubblebox
Opela,Amabel Klimkov,jcb,1249,Skaboo
Span,Byrom Gertz,switch,1517,Topicware
Quo Lux,Ferdy Meek,laser,1433,Podcat
Zontrax,Janith Lampens,mastercard,315,Skiptube
Namfix,Marcelle Pitcher,maestro,1831,Meevee
Subin,Joshia Heliot,maestro,1088,Meembee
Voyatouch,Wallis Feake,americanexpress,962,Buzzbean
Biodex,Sanson MacNess,jcb,1640,Rooxo
Fixflex,Elysha Giorgi,bankcard,164,Gigashots
Aerified,Kaitlin MacGoun,bankcard,1428,Devcast
Job,Odelinda Trice,switch,1412,Devshare
Stringtough,Isabel Chastel,instapayment,1912,Linklinks
Stim,Walsh Whiffen,jcb,1548,Ailane
Lotstring,Ellswerth Jacquemy,jcb,353,Plajo
Veribet,Tommy Izkoveski,switch,907,Roomm
Tempsoft,Lois Gomar,mastercard,859,Twitternation
It,Andie Stroyan,laser,977,Bluejam
Veribet,Arin Rimington,switch,55,Browsecat
Bamity,Geordie Hatcliffe,mastercard,885,Thoughtbeat
Aerified,Daisey Tabb,jcb,267,Kaymbo
Wrapsafe,Leigh MacKellen,solo,423,Linkbuzz
Otcom,Jefferson Ibbott,americanexpress,869,Voonix
Alphazap,Anet Gerrets,diners-club-carte-blanche,1345,Fiveclub
Latlux,Chickie Showers,jcb,1551,Twinder
Tin,Kylila Crates,diners-club-us-ca,1340,Jatri
Asoka,Ida Jeannequin,mastercard,1515,Edgeblab
Cardify,Cooper Kitchenside,americanexpress,1551,Skynoodle
Toughjoyfax,Angelita Croson,china-unionpay,812,Babblestorm
Stringtough,Link Dalziell,switch,565,Thoughtmix
Tresom,Alexia Noot,diners-club-enroute,1325,Divape
Vagram,Stephana Klosterman,jcb,181,Roombo
Daltfresh,Stefano Espley,solo,691,Leenti
Stringtough,Dallon Schroeder,visa-electron,705,DabZ
Quo Lux,Merilyn Mewe,jcb,613,Gigaclub
Greenlam,Jehanna Nicholes,americanexpress,1191,Fadeo
Treeflex,Willem Tegler,mastercard,1062,Babbleopia
Solarbreeze,Geneva Cameron,americanexpress,1143,Centizu
Zaam-Dox,Bran Mingard,diners-club-carte-blanche,1330,Cogibox
Toughjoyfax,Leonore Barkes,jcb,1841,Demivee
Viva,Lory Tiffney,mastercard,53,Zoomdog
Flowdesk,Cherilynn Bisseker,jcb,1050,Yotz
Daltfresh,Marguerite Vase,mastercard,196,Blogpad
Tin,Ainsley Gowenlock,switch,835,Jayo
Temp,Jamima Moncreiff,bankcard,1689,Zooxo
Bigtax,Willabella Mcwhinney,diners-club-enroute,1239,Viva
Domainer,Killie Fritchly,visa-electron,1398,Tagtune
Trippledex,Margot Yanyushkin,mastercard,1588,Zoomdog
Transcof,Breena Bear,mastercard,1837,Jetpulse
Y-find,Estelle Del Checolo,visa-electron,1490,LiveZ
Kanlam,Cherish Canete,jcb,1496,Realcube
Viva,Broderick Ochiltree,bankcard,703,Devify
Voyatouch,Dannel Rayworth,jcb,1419,Voonix
Zathin,Moyna Feltham,switch,772,Wikizz
Trippledex,Carmelle Gannicott,jcb,716,Rhyzio
Treeflex,Sheree Tipple,jcb,1573,Oyoloo
Bigtax,Petunia Kenefick,jcb,1610,Youspan
Zoolab,Deanne Chaise,switch,89,Twitterworks
Zathin,Trudey Curreen,laser,171,Devpoint
Veribet,Nicola Pepye,visa-electron,745,Plambee
Job,Janifer Van den Bosch,china-unionpay,906,Vinte
Daltfresh,Alyse Jell,jcb,217,Roomm
Bitchip,Haskel Terron,maestro,729,Jaxspan
Opela,Egon Thorns,jcb,198,Zoonoodle
Wrapsafe,Kirk Murney,bankcard,1605,Abatz
Regrant,Broddy Nannetti,mastercard,1530,Wordify
Fix San,Kelley Hutchinges,jcb,1437,Wikibox
Zamit,Lillian Lawful,mastercard,547,Youspan
Veribet,Genovera Chrismas,jcb,1710,Brightdog
Gembucket,Israel Selvey,jcb,1906,Agivu
Job,Alysia Pursehouse,jcb,89,Buzzshare
Holdlamis,Bondon Mandrey,jcb,128,Einti
Rank,Karly Clewarth,china-unionpay,217,Buzzdog
Trippledex,Ignazio Burkill,jcb,1239,Innotype
Trippledex,Lindon Blizard,jcb,191,Gigabox
Overhold,Everard Bonin,jcb,534,Ntags
Stronghold,Renee Toulson,diners-club-enroute,1254,Yambee
Cardify,Margaretta Smyley,jcb,1017,Dabfeed
Konklux,Kathy McGoon,jcb,1420,Thoughtmix
Zontrax,Hollie Bontine,laser,968,Demimbu
Quo Lux,Ramsey MacGebenay,switch,1496,Dabtype
Latlux,Frederico Ryall,mastercard,289,Meezzy
Zoolab,Mabelle Sherry,jcb,1610,Wordpedia
Subin,Mellie Skowcraft,diners-club-carte-blanche,1272,Thoughtsphere
Stim,Maritsa Romanelli,maestro,1581,Zoovu
It,Corny Eburne,laser,1658,Bubblebox
Tres-Zap,Romy Lammie,jcb,288,Yakitri
Fintone,Ferdinand Troppmann,jcb,337,Avamm
Fintone,Serge Ferrand,jcb,1530,Kamba
Biodex,Carma Newcom,switch,484,Skipfire
Latlux,Fulvia Aylott,china-unionpay,1571,Mudo
Zamit,Harmonie Yeliashev,maestro,160,Edgepulse
Sub-Ex,Isidro Boch,switch,300,Meejo
Duobam,Sylvia Lempel,jcb,1052,Skidoo
Aerified,Fanechka Milborn,maestro,1407,Tagpad
Subin,Millicent Pietrzak,jcb,871,Photobug
Viva,Rosalyn Fifoot,jcb,293,Zooxo
Wrapsafe,Alyda Rainon,visa-electron,853,Leexo
Gembucket,Andrej Chesters,jcb,887,Aimbo
It,Winnie Wollrauch,china-unionpay,1450,Minyx
Viva,Shaw Collaton,mastercard,1273,Linktype
Redhold,Broddie Kretschmer,jcb,819,Kayveo
Kanlam,Nert Long,jcb,1050,Twitterlist
Regrant,Bald Dalziel,mastercard,735,Voonix
Redhold,Deerdre Maron,diners-club-carte-blanche,1736,Yakitri
Stronghold,Gail Vondrak,maestro,1940,Shufflester
Zaam-Dox,Natassia Gianuzzi,jcb,1049,Demizz
Gembucket,Andrew Bertelmot,jcb,1058,Meezzy
Cardguard,Mag Durrington,jcb,1693,Skiba
Y-Solowarm,Blayne Mackrill,mastercard,958,Blogpad
Hatity,Ariadne Deakins,jcb,741,Browsebug
Zaam-Dox,Valle Ivanenko,americanexpress,1002,Topdrive
Holdlamis,Elinor Mitchenson,maestro,1268,Meeveo
Toughjoyfax,Rex Venard,jcb,1644,Leenti
Opela,Jerri Mercy,mastercard,1853,Youtags
Mat Lam Tam,Che Ferrino,jcb,1691,Zoozzy
Zaam-Dox,Alva Michele,bankcard,421,Cogilith
Zamit,Adelina Kingston,jcb,170,Twitterwire
Bigtax,Tallou Gotliffe,mastercard,1638,Cogibox
Subin,Delano Navarro,jcb,491,Twitterbeat
Job,Padgett McGeorge,maestro,1345,Skimia
Domainer,Corny Balden,diners-club-us-ca,899,Kare
Job,Annalise Sauvan,jcb,1588,Skynoodle
Bitchip,Leroi Rosenblad,jcb,1342,Zoomlounge
Konklux,Nickie Whether,visa,392,Skibox
Duobam,Danita MacRury,maestro,1406,Edgeify
Job,Martyn Underwood,maestro,567,Bluejam
Home Ing,Dud Battell,china-unionpay,71,Twitterwire
Cardguard,Gawain Peet,jcb,1057,Quimba
Bitchip,Beckie Romaine,jcb,232,Yadel
Subin,Eduardo Borrel,laser,1188,Realmix
Sonair,Revkah Sussams,maestro,832,Wikibox
Y-Solowarm,Kliment Rosenboim,china-unionpay,702,Lazz
Kanlam,Marisa Kreuzer,jcb,630,Demivee
It,Josefa Crowest,bankcard,976,Edgeclub
Daltfresh,Xylina Whittle,maestro,998,Fliptune
Wrapsafe,Terry Cadigan,jcb,1881,Kayveo
Bitchip,Frieda Coltart,jcb,935,Tekfly
Regrant,Robb Khosa,maestro,1228,Kanoodle
Kanlam,Hartwell Kilalea,visa-electron,206,Voomm
Lotstring,Austine Pover,jcb,695,Innojam
Y-find,Prissie Cockley,visa,772,Buzzbean
Namfix,Anica Cazalet,maestro,1492,Yozio
Bitwolf,Yetty Ogg,jcb,699,Flashset
Tresom,Josias Miguel,jcb,889,Tagcat
Vagram,Carolyne Andrivot,mastercard,1929,Dabtype
Greenlam,Tonya Bourdis,laser,1700,Innojam
Zoolab,Winny Jacobson,jcb,1442,Bubblemix
Holdlamis,Elia Lewknor,mastercard,1372,Wordtune
Tin,Latashia Baack,jcb,969,Twimm
Aerified,Meridith McFetrich,jcb,1439,Ainyx
Matsoft,Gusella Simeons,jcb,269,Centimia
Redhold,Alex Hardeman,maestro,383,Shufflebeat
Tampflex,Raimundo Duddan,jcb,1080,Dabjam
Aerified,Bella Landers,switch,1210,Twimm
Quo Lux,Clerc Challace,china-unionpay,917,Skimia
Daltfresh,Hedvig Jobbings,jcb,1214,Lajo
Quo Lux,Alexandre Laurentin,jcb,838,Zoomlounge
Redhold,Nell Fey,diners-club-us-ca,1477,Quatz
Lotstring,Noami Hanselman,jcb,239,Skyba
Y-find,Corinna Ching,mastercard,1674,Gabspot
Stim,Tammy Yitzhakov,jcb,79,Zoonoodle
Matsoft,Alexi Dorre,china-unionpay,690,Janyx
Trippledex,Ewan Dinley,china-unionpay,1669,Npath
Sub-Ex,Myrna Cupitt,jcb,849,Demivee
Tres-Zap,Farlie Braine,mastercard,892,Twitterworks
Rank,Sheeree Ottley,jcb,1675,Teklist
Alpha,Rosella Causley,diners-club-enroute,1183,Rhyloo
Temp,Abbye Paylor,china-unionpay,104,Tekfly
Matsoft,Lee Angrock,mastercard,1204,Twimbo
Job,Minerva Studeart,mastercard,1482,Demivee
Gembucket,Margit Peer,jcb,1062,Geba
Opela,Vallie Kees,diners-club-enroute,978,Eabox
Y-Solowarm,Rita Tincombe,jcb,250,Jatri
Pannier,Winslow Grishakov,bankcard,864,Feednation
Prodder,Tades Curnow,maestro,1406,Wikizz
Treeflex,Preston Malia,china-unionpay,328,Quatz
Stronghold,Beth Jeffree,jcb,861,Meevee
Greenlam,Willyt Spivey,maestro,896,Brainlounge
Alphazap,Audrie Schleicher,jcb,234,Realcube
Treeflex,Alexandr Antonsen,jcb,1757,Trunyx
Pannier,Anatole Slessor,jcb,97,Livetube
Job,Amabel Tolworthie,jcb,78,Skidoo
Bamity,Bondie Iacoviello,diners-club-carte-blanche,1441,Rhynoodle
Fixflex,Keely Muldownie,diners-club-carte-blanche,578,Yakijo
Tampflex,Martelle Twallin,americanexpress,1642,Voonder
Veribet,Melany Mowat,mastercard,463,Gabtune
Bytecard,Albina Yerrell,china-unionpay,1481,Twinte
Namfix,Wayland Semorad,maestro,300,Eayo
Zathin,Madel Isenor,jcb,325,Zoomlounge
Voyatouch,Pen MacVaugh,bankcard,366,Linklinks
Tres-Zap,Blanca Coniff,jcb,1213,Tagcat
Rank,Cari Josef,maestro,1532,Plajo
Bamity,Erminie Delaprelle,jcb,585,Tazz
Vagram,Fowler MacNeillie,jcb,267,Yakijo
Cookley,Bertina Baiss,jcb,113,Skyvu
It,Ibby Clemmens,solo,70,Topiczoom
Home Ing,Aurilia Lamburn,jcb,452,Topicblab
Otcom,Honor Dockray,jcb,353,Layo
Zathin,Vale Shah,jcb,394,Vinte
Zathin,Kit Pakes,diners-club-carte-blanche,1019,Centizu
Span,Lacee Batistelli,diners-club-enroute,155,Fivechat
Span,Corney Thorington,mastercard,819,Zoonder
Otcom,Devan Dominique,jcb,1311,Einti
Konklux,Edmon Threadgould,jcb,1226,Skipstorm
Kanlam,Lyndsay Inglefield,jcb,1364,Eamia
Viva,Jarrad Denslow,jcb,1824,Wikibox
Stronghold,Glynn Paute,bankcard,1791,Quatz
Aerified,Bengt Malyj,china-unionpay,1374,Yodo
Duobam,Aurlie Darrington,jcb,997,Kwilith
Greenlam,Care Nossent,visa,1110,Vidoo
Gembucket,Adriana Chaves,jcb,310,Aimbu
Temp,Ansley Escalante,jcb,1834,Meemm
Bitchip,Jessy Gladding,mastercard,1672,Dynava
Duobam,Rabi Jemison,maestro,384,Twitterlist
Opela,Abbe McLeish,jcb,1691,Thoughtworks
Zontrax,Ozzie Lukianov,visa,1830,Brainlounge
Namfix,Dev Stoppe,jcb,86,Roombo
Y-find,Randy Connow,switch,160,Thoughtworks
Latlux,Briano Messitt,visa-electron,1145,Jayo
Alphazap,Loren Tunnah,jcb,1379,Zoonder
Voyatouch,Shelli Elfleet,solo,1587,Twiyo
Andalax,Guenevere Giraux,bankcard,674,Realbuzz
Namfix,Phyllida Fellon,maestro,1422,Jaxnation
Lotlux,Karlik Anfossi,jcb,69,Zava
Home Ing,Erick Kleinmintz,solo,1601,Skaboo
Y-find,Morena Fry,jcb,1521,Linktype
Subin,Prescott Beggini,jcb,571,Layo
Trippledex,Clemmy Lars,americanexpress,136,Wikibox
Voyatouch,Lowe Killoran,jcb,1045,Cogibox
Hatity,Prince Robertazzi,jcb,1499,Eimbee
Sonsing,Malinda Baalham,jcb,1230,Zoomzone
Latlux,Ashby Cumber,jcb,1599,Babblestorm
Cardguard,Lombard Renol,diners-club-carte-blanche,1257,Chatterbridge
Overhold,Jules Jirousek,jcb,90,Centizu
Lotlux,Rosie Pizzie,jcb,1855,Oyope
Alpha,Maje Breedy,jcb,1537,Kamba
Job,Anya Turmel,jcb,863,Jetpulse
Rank,Job Cleve,bankcard,130,Kazio
Voyatouch,Delmore Dubble,maestro,528,Devshare
Cookley,Sophi Voden,mastercard,1618,Gigabox
Flowdesk,Emelia Fahy,mastercard,406,Myworks
Overhold,Colleen Tims,switch,1505,Flipstorm
Sonsing,Melinda Coker,maestro,133,Skyndu
Y-Solowarm,Siward Ethington,maestro,54,Browsecat
Lotstring,Frans Greaterex,switch,1244,Mita
Cardify,Marcella Natalie,jcb,1261,Abata
Pannier,Steffi Rankling,diners-club-enroute,1712,Browsezoom
Holdlamis,Sully Tomkins,switch,1605,Vidoo
Latlux,Lulita Fricker,diners-club-us-ca,1257,Aivee
Toughjoyfax,Korney Spivie,china-unionpay,729,Gigabox
Zathin,Hartwell Waldera,instapayment,413,Rooxo
Latlux,Constance Stocky,jcb,1130,Yambee
Toughjoyfax,Meier Obell,jcb,445,Divape
Redhold,Farly Tilliards,americanexpress,1770,Fliptune
Zaam-Dox,Hill Andrivel,americanexpress,1794,Zoomzone
Sonsing,Tonye Roblett,jcb,1605,Flipopia
Span,Malorie Camellini,jcb,545,Divanoodle
Konklux,Sutherlan Scheffler,jcb,1538,Omba
Kanlam,Tori Brandacci,visa,1114,Ooba
Ronstring,Gloriane Pybus,jcb,483,Browsebug
Fixflex,Nannie Bengefield,jcb,540,Layo
Tres-Zap,Kori Dunmuir,bankcard,1786,Oyondu
Job,Cristionna Seaking,jcb,611,Avamba
Sonsing,Bernelle MacArthur,china-unionpay,692,Kazio
Stronghold,Iver Keyte,bankcard,631,Riffpath
Cardify,Ursala Cello,jcb,1538,Abatz
Voyatouch,Lem Batty,diners-club-carte-blanche,199,Livetube
Flowdesk,Zackariah Crangle,americanexpress,848,Camimbo
Toughjoyfax,Farrel Trapp,jcb,1774,Photospace
Solarbreeze,Conny Fouch,jcb,145,Devpulse
Kanlam,Erhard Petrus,americanexpress,1284,Flipbug
Cardguard,Janaye Bleby,jcb,1850,Thoughtblab
Treeflex,Gusta Keme,bankcard,356,Bluejam
Bigtax,Rab Ladbury,diners-club-carte-blanche,595,Meevee
Cardify,Nancie Dabels,jcb,1494,Jabbersphere
Alphazap,Jewell Tanslie,jcb,358,Photojam
Treeflex,Eldredge Savin,switch,1276,Twitterworks
Mat Lam Tam,Boyd Kurdani,maestro,1024,Kamba
Regrant,Glenden Gillopp,jcb,610,Dabjam
Overhold,Dell Rysdale,diners-club-enroute,1806,Lazzy
Duobam,Martynne Wetherby,mastercard,575,Skivee
Ronstring,Marcelia Pashen,bankcard,496,Teklist
Treeflex,Matelda Bicker,diners-club-enroute,1258,Muxo
Fix San,Bernadina Hanhard,visa,1589,Devshare
Namfix,Jessamyn Cazin,jcb,1327,Gabspot
Andalax,Hetty Ather,jcb,775,Dynazzy
Hatity,Pooh Nichol,mastercard,650,LiveZ
Veribet,Benyamin MacSween,china-unionpay,1748,Oyoba
Fixflex,Emily Dodge,visa,1453,Devbug
Zoolab,Quinn Sowter,jcb,474,Gabspot
Cardify,Perl Halbard,diners-club-enroute,745,Jabberbean
Ventosanzap,Romy Ealden,instapayment,443,Thoughtworks
Lotstring,Shelby Nutton,mastercard,455,Topicshots
Opela,Raimundo Darwen,maestro,1374,Browsezoom
Voltsillam,Danyelle Vaneschi,jcb,622,Fiveclub
Span,Mari Hellwig,jcb,460,Abata
Zaam-Dox,Pen Gaytor,laser,1901,Flashdog
It,Toinette Treleaven,switch,1550,Trilith
Cardify,Marjory Hartington,visa-electron,409,Devpulse
Stronghold,Wallie Meany,jcb,525,Pixonyx
It,Christye Fry,jcb,1379,Livetube
Voltsillam,Edithe Boutellier,jcb,1862,Avamm
Mat Lam Tam,Hendrika Wressell,maestro,583,Gigabox
Job,Georg Defrain,jcb,1295,Divavu
Span,Tome Vance,maestro,702,Realpoint
Transcof,Gordie Janicijevic,bankcard,513,Yodoo
Zoolab,Elva Martill,visa,542,Shufflebeat
Stronghold,Abagael Colbourne,jcb,537,Plajo
Tresom,Barnett Becken,jcb,298,Bubblemix
Matsoft,Neely Bannell,jcb,1700,Voolith
Wrapsafe,Lanita Sallnow,jcb,596,Vinder
Otcom,Genna Nunnery,switch,1122,Trunyx
Andalax,Justin Pie,jcb,1801,Skinte
Tres-Zap,Dominic Harle,diners-club-carte-blanche,1660,Skippad
Bitwolf,Mahmoud Blance,china-unionpay,1279,Meemm
Bytecard,Glendon Lambarth,switch,630,Trunyx
Tres-Zap,Mahmud Gresswood,maestro,1123,Wikibox
Bytecard,Dal Todhunter,jcb,754,Oyope
Mat Lam Tam,Mahala Shoutt,jcb,724,Devpulse
Stronghold,Rebecca Deboick,switch,1857,Brightdog
Asoka,Alfonse Goodban,jcb,759,Rhybox
Cardguard,Alejandrina Pendrid,jcb,1401,Aimbo
Zamit,Meier Lattie,jcb,1542,Thoughtstorm
Y-find,Smitty Hadleigh,solo,1603,Skinix
Span,Bram Jowett,jcb,281,Zoovu
Cookley,Valencia Codeman,diners-club-carte-blanche,1182,Skinte
Cookley,Kendrick Bluck,china-unionpay,1780,Skibox
Hatity,Amargo Rushbury,jcb,1684,Tekfly
Bigtax,Major Cherry Holme,jcb,509,Thoughtworks
Temp,Saudra Riseborough,china-unionpay,1140,Linkbridge
Fix San,Roobbie Luppitt,mastercard,1398,Voonder
Sonsing,Zea Lacknor,jcb,940,Oozz
Konklab,Roanne Manby,instapayment,1765,Topiclounge
Ronstring,Fred Allain,jcb,527,Meevee
Greenlam,Damian Ivimy,mastercard,1765,Gabtype
Veribet,Lela Ledson,jcb,963,Kwimbee
Sonsing,Britney Presman,jcb,384,Mymm
Y-find,Carmelina Hendriks,jcb,1179,Zoonoodle
Sonair,Elsy Hunday,jcb,562,Zoombox
Vagram,Rosalia Guerrin,maestro,1052,Avaveo
Toughjoyfax,Shawn Hedau,maestro,1899,Vinder
Zamit,Gregor Okie,visa-electron,700,Dabshots
Zoolab,Carita Dyshart,diners-club-carte-blanche,716,Babblestorm
It,Harvey Haversham,instapayment,613,Ailane
Flexidy,Maisey des Remedios,china-unionpay,1389,Jabbertype
Fix San,Lezlie Harmeston,jcb,1441,Myworks
Asoka,Cash Okroy,jcb,220,Vinte
Latlux,Vance Somerville,jcb,266,Linktype
Greenlam,Alysia Kinzel,americanexpress,361,Meetz
Rank,Cristiano Ferri,jcb,441,Dazzlesphere
Alphazap,Kent Labuschagne,china-unionpay,1844,Jaxnation
Pannier,Sapphira Rummings,jcb,233,Photobug
Duobam,Benoit Kenewell,americanexpress,1880,Teklist
Zontrax,Gottfried Tomankowski,maestro,976,Roodel
Bitwolf,Birch Olford,jcb,67,Fanoodle
Andalax,Glen Dunkerton,maestro,1300,Trunyx
Biodex,Rudolph Pennell,bankcard,1326,Realbridge
Regrant,Jillayne McVittie,jcb,1886,Feedbug
Tresom,Stevena Kornas,jcb,98,Geba
Y-Solowarm,Caron Harrod,jcb,568,Yakijo
Pannier,Lea Briand,jcb,1588,Reallinks
Tampflex,Ban Milnes,diners-club-carte-blanche,109,Meezzy
Domainer,Tracey Dybell,americanexpress,84,Blogpad
Solarbreeze,Tanhya Pheasant,jcb,1053,Divape
Zoolab,Alyce Coils,jcb,461,Twimm
Mat Lam Tam,Lorrie Ronchetti,instapayment,573,Realmix
Biodex,Skip South,jcb,1167,Livepath
Tempsoft,Corri Cowherd,switch,1360,Yamia
Daltfresh,Justino Cressor,mastercard,201,Centimia
Bytecard,Cahra Oulet,maestro,1697,Kazio
Ronstring,Hewet Kohrsen,jcb,1164,Skynoodle
Daltfresh,Linc Ternent,jcb,354,Katz
Kanlam,Lucio Acors,jcb,837,BlogXS
Alphazap,Paten Farress,diners-club-carte-blanche,119,Innotype
Zamit,Whitney Lundberg,jcb,678,Tagchat
Greenlam,Nanon Rousby,mastercard,477,Realcube
Fintone,Ruddie Pennyman,jcb,1536,Pixonyx
Andalax,Debor Aylmore,mastercard,1301,Gabvine
Matsoft,Laurianne Stoop,china-unionpay,1365,Yodel
Home Ing,Butch Glanton,jcb,1417,Vinder
Otcom,Sascha Fennick,jcb,1170,Skyble
Cookley,Harmony Goulbourn,jcb,690,Edgewire
Home Ing,Allyson Willwood,bankcard,381,Quatz
Stronghold,Twyla Noblett,americanexpress,875,Zoovu
It,Penelope Da Costa,jcb,268,Zoovu
Transcof,Filip Lapree,visa,1793,Tagcat
Alpha,Abbe Chesswas,china-unionpay,528,Edgetag
Stronghold,Lavinie Pennino,jcb,360,Skibox
Sonsing,Buckie Kenworth,diners-club-carte-blanche,1877,Quimba
Bitchip,Virginia Casbolt,jcb,918,Linktype
Asoka,Rebecka Lagen,laser,1056,Zoonoodle
Alpha,Shannen Tizzard,diners-club-enroute,299,Gevee
Voltsillam,Kleon Kerrigan,americanexpress,1092,Eimbee
Zontrax,Iolanthe Trillow,china-unionpay,923,Skaboo
Hatity,Coleen Woffenden,jcb,1256,Skibox
Fintone,Clywd Privett,diners-club-us-ca,1250,Blognation
Temp,Cindy Coarser,diners-club-international,1863,Jetpulse
Overhold,Neila Costellow,jcb,1501,Blogtags
Tres-Zap,Jordon Cantera,bankcard,1063,Zava
Zoolab,Gwenora Gildersleaves,bankcard,1592,Babbleset
Sub-Ex,Guthrey Ormrod,bankcard,1432,Browsecat
Quo Lux,Brandtr Coplestone,jcb,1882,Thoughtblab
Zaam-Dox,Matias Seiler,visa-electron,1371,Thoughtbridge
Keylex,Elene Bunstone,diners-club-enroute,1897,Einti
Matsoft,Albie Dilks,bankcard,1753,Photolist
Overhold,Joni Peterken,mastercard,860,Riffpedia
Trippledex,Joellen De Souza,jcb,110,Abata
Regrant,Jacky Cornall,jcb,1257,Buzzshare
Gembucket,Tally Dudman,maestro,1016,Trilith
Bitchip,Bernardine Sand,jcb,433,Myworks
Quo Lux,Inness Skeen,jcb,610,Mita
Konklab,Clarey Adrianello,solo,1681,Bubblemix
Greenlam,Ivan Marland,maestro,702,Yakitri
Bigtax,Terrye Notley,mastercard,134,Thoughtworks
Sub-Ex,Gretta Tebbitt,bankcard,864,Oodoo
Lotlux,Kikelia Brabham,switch,1795,Brainverse
Toughjoyfax,Nevins Duckerin,maestro,74,Thoughtstorm
Konklab,Loralyn Fairbrace,diners-club-enroute,1340,Quatz
Temp,Janeta Heisham,jcb,1947,Mita
Hatity,Thibaud Jaycocks,maestro,1414,Photofeed
Bigtax,Adam Clevely,jcb,100,Voolith
Flexidy,Tami Egdal,bankcard,1889,Gabcube
Y-find,Harlie Witty,jcb,1212,Trilith
Voltsillam,Koenraad Lockner,china-unionpay,1310,Abata
Trippledex,Ingemar Prescot,china-unionpay,216,Feedfire
Aerified,Wain Kohtler,mastercard,807,Realbridge
Flowdesk,Chuck Barthrop,jcb,357,Ainyx
Cardify,Sarena Crut,jcb,800,Twinder
Gembucket,Sherwynd Bennough,jcb,1217,Jazzy
Domainer,Lishe Potes,bankcard,1742,Voonte
Voyatouch,Panchito German,diners-club-us-ca,316,Topicstorm
Holdlamis,Marcela Bilverstone,china-unionpay,1180,Camido
Ronstring,Rachele Heaney,mastercard,164,Plambee
Tresom,Stoddard Cranshaw,diners-club-carte-blanche,315,Brainverse
Domainer,Dennie Corrington,visa,1165,Meejo
Namfix,Terese Beeble,switch,1751,Blognation
Cardify,Charlie Willett,jcb,1022,Photofeed
Flowdesk,Cyril Badcock,bankcard,207,Katz
Span,Mahala Hallick,laser,1657,Voonder
Asoka,Axel Ponder,bankcard,1788,Demizz
Y-Solowarm,Alanson Fillary,maestro,684,Plambee
Sonair,Kristoffer Noto,americanexpress,1802,Skimia
Andalax,Tirrell Wigzell,jcb,257,Flashset
Daltfresh,Filbert Danskine,diners-club-enroute,1922,Twitterbeat
Toughjoyfax,Aila Smethurst,diners-club-enroute,1262,Npath
Alpha,Ceil Pepys,visa-electron,406,Blogtags
Sonair,Michail Garrie,switch,697,Zava
Tampflex,Persis Giottini,jcb,1234,Wordtune
Daltfresh,Eryn Mallender,jcb,1390,Buzzshare
Treeflex,Itch Easun,jcb,1711,Oyondu
Aerified,Daniela Bottle,jcb,1286,Zooxo
Lotstring,Constantine Blazey,visa,798,Voonder
Voyatouch,Phillipp Sells,jcb,402,Podcat
Rank,Oliver Cochran,jcb,1564,Oyondu
Ventosanzap,Geri Penman,diners-club-international,1367,Riffwire
Holdlamis,Querida Stammirs,jcb,1632,Gabtune
Zamit,Bordy Velasquez,maestro,874,Katz
Zamit,Alexi Wedderburn,jcb,746,Zoomzone
Bytecard,York Maddinon,mastercard,800,Skiba
Tampflex,Francine Chilver,jcb,631,Ooba
Kanlam,Rodrick Huerta,switch,450,Skajo
Otcom,Kimmy Bramich,china-unionpay,151,Skyble
Gembucket,Netti Stonman,americanexpress,610,Trupe
It,Walther Estick,jcb,212,Cogilith
Prodder,Gilly Tomovic,diners-club-us-ca,150,Dabshots
Cookley,Maximilien Onions,americanexpress,358,Skinix
Quo Lux,Donia Hearmon,switch,706,Centizu
Kanlam,Andrew Pringell,switch,595,Brainverse
Latlux,Nickey Winterbottom,bankcard,1888,Meemm
Tempsoft,Korry Gerretsen,laser,1203,Chatterpoint
Mat Lam Tam,Ciro Yeudall,jcb,1688,DabZ
Zontrax,Ilene Arnhold,jcb,931,Divavu
Greenlam,Rafferty Podbury,mastercard,644,Thoughtbeat
It,Dulcinea Burnsyde,china-unionpay,1771,Babbleopia
Fix San,Lucretia Camacho,instapayment,1687,Meeveo
Otcom,Wallis Salter,jcb,1310,Mita
Zontrax,Lennard Bysshe,jcb,811,Avaveo
Bamity,Vaughn Stow,jcb,91,Eabox
Zontrax,Terry Darnbrough,switch,1439,Skynoodle
Y-find,Jennine Bemment,china-unionpay,1437,Twimbo
Quo Lux,Bartlett Kirtland,china-unionpay,284,Dabfeed
Job,Audra Nipper,visa-electron,1486,Devshare
Opela,Laurella Enterlein,maestro,687,Dabtype
Quo Lux,Shaylyn Wickey,diners-club-carte-blanche,434,Zazio
Namfix,Adore Luto,jcb,1639,Kamba
Sub-Ex,Tabb Barhem,jcb,890,Babbleblab
Tempsoft,Bridget Gear,jcb,709,Pixonyx
Tampflex,Demetrius Karpeev,switch,1574,Topiczoom
Aerified,Karrie Cristofanini,bankcard,178,Buzzshare
Cardguard,Der Tarren,visa,1746,Oodoo
Holdlamis,Tonie Babber,jcb,1136,Nlounge
Konklux,Edy Timoney,visa-electron,1395,Yambee
Y-find,Sharon Gully,americanexpress,749,Feedspan
Otcom,Nolie Fortun,jcb,534,Centimia
Greenlam,Kristel Reichert,mastercard,105,Photofeed
Home Ing,Rick Souley,americanexpress,704,Topdrive
Konklux,Dall Smallpeice,jcb,750,Katz
Flexidy,Gardiner Proom,jcb,716,Twitterbeat
Regrant,Townsend Spoors,jcb,931,Jayo
Toughjoyfax,Kort Matus,china-unionpay,1213,Ntags
Zathin,Eleni Tenman,switch,910,Pixope
Pannier,Ardelis Nevins,bankcard,724,Flipopia
Treeflex,Neel McKerrow,jcb,992,Riffwire
Bamity,Artair Scholard,jcb,1474,Meevee
Voltsillam,Raynard Darcy,americanexpress,702,Blogtag
Bytecard,Emmett Kuschke,bankcard,1161,Meejo
Pannier,Leesa Tellenbrook,americanexpress,1827,Quaxo
Asoka,Fabien Beldom,maestro,1382,Babbleblab
Tin,Keslie Pittman,visa-electron,652,Oba
It,Gustavo Bottell,mastercard,891,Flipbug
Bytecard,Derk Peck,jcb,1845,Gigashots
Konklab,Hannis Aspel,americanexpress,1897,Dazzlesphere
Stronghold,Fax Coley,switch,548,Kamba
Treeflex,Eduard Beckinsale,jcb,170,Centidel
Stringtough,Kore Munns,jcb,840,Oyondu
Zontrax,Maurine Penwarden,jcb,163,Gabvine
Cookley,Davon Janodet,jcb,1332,Kayveo
Prodder,Cal Chadwyck,jcb,597,Voonte
Lotstring,Worthington Skrines,jcb,1028,Jaxworks
Domainer,Marcel Macieiczyk,jcb,663,Wikizz
Andalax,Katrina Knapp,jcb,466,Aimbu
Viva,Josefina Gayton,instapayment,1534,Thoughtworks
Flowdesk,Tobe Sheara,jcb,1392,Talane
Namfix,Rhett Statton,instapayment,1131,Skinte
Bitchip,Ladonna Snel,americanexpress,1075,Tavu
Rank,Robinson Domb,instapayment,1807,Roomm
Home Ing,Marilee Ambresin,mastercard,169,Twitterbeat
Zaam-Dox,Kristyn Spitell,visa,806,Twimbo
Stim,Diannne Trivett,visa,667,Twinte
Namfix,Maitilde Scollick,mastercard,1527,Demimbu
Tin,Quintana Merwede,jcb,975,Zoozzy
Zaam-Dox,Upton McShirie,jcb,1632,Skipfire
Veribet,Gilli Rumin,jcb,1363,Shufflebeat
Sonair,Ethelin Franscioni,visa-electron,1116,Edgetag
Quo Lux,Kenn Kenna,diners-club-enroute,1702,Rhybox
Pannier,Kimmy Greally,solo,933,Riffwire
Greenlam,Hal Basterfield,jcb,978,JumpXS
Cookley,Cole Tims,jcb,97,Meevee
Overhold,Augusta Fairham,jcb,885,Topicware
Lotlux,Ola Este,visa,1634,Aimbu
Konklab,Fanya Skingle,china-unionpay,1936,Oyoloo
Temp,Kyle Alcorn,jcb,515,Skynoodle
Andalax,Merell Cummungs,laser,409,Quire
Rank,Gib Jope,china-unionpay,1839,Realpoint
Otcom,Shayne Mundow,mastercard,1669,Voonyx
Wrapsafe,Jobie Keirle,visa-electron,1461,Eamia
Biodex,Luella Helian,jcb,89,Gabcube
Bigtax,Jeromy Slyne,jcb,1935,Ooba
Gembucket,Kingsly Westphalen,jcb,164,Dabvine
Tin,Elbertina Lezemere,switch,730,Twimbo
Viva,Mela Binns,instapayment,556,Skimia
Ventosanzap,Standford Reedie,china-unionpay,1647,Topiczoom
Flexidy,Theresa Cancelier,mastercard,430,Leenti
Cookley,Germain Shrimpling,jcb,280,Linklinks
Cookley,Ruben Boteman,jcb,1032,Jabberstorm
Pannier,Edithe Sommerland,jcb,914,Latz
Wrapsafe,Nada Strutt,jcb,1117,Skilith
Overhold,Trenna Wallbank,switch,1596,Twitterlist
Biodex,Bradford Littell,laser,1188,Youopia
Zathin,Blinny Balfe,switch,692,Skinix
Flexidy,Essa Arnaut,jcb,510,Zoonoodle
Cardguard,Alexander Youster,jcb,1226,InnoZ
Konklab,Jamesy Biddlecombe,jcb,171,Zazio
Wrapsafe,Nicoline Slessor,visa,1007,Skiba
Bitchip,Lissy Frizell,jcb,1109,Leenti
Quo Lux,Desdemona Dumbare,solo,903,Oyope
Cardguard,Carolee Dewi,jcb,1935,Oyoyo
Fintone,Mallissa Heaphy,mastercard,923,Vitz
Stronghold,Meryl Espadate,jcb,1604,Livetube
Duobam,Lanni Newsham,jcb,544,Tazzy
Lotlux,Cammi MacDougall,maestro,1366,Meejo
Vagram,Boycey Fust,diners-club-enroute,818,Centimia
Zontrax,Jae Prestie,jcb,915,Zoomcast
Alphazap,Loutitia Dwerryhouse,visa-electron,785,Eabox
Alpha,Dasya Keaveny,jcb,1645,Eire
Rank,Lamond Whithalgh,visa,522,Tazz
Konklux,Krissie Harriss,switch,1179,Skynoodle
Keylex,Joey Czyz,jcb,132,Katz
Lotlux,Rozele Jeanet,china-unionpay,562,Feedfire
Stim,Thatch Ciotto,jcb,541,Meevee
Andalax,Elmira Muller,maestro,1582,Eayo
Veribet,Zabrina Winton,americanexpress,657,Browsetype
Bitchip,Ursula Muslim,diners-club-carte-blanche,1387,Bubblemix
Regrant,Rockey Lehenmann,laser,1272,Gabspot
Stim,Anderea Von Welldun,jcb,1026,Thoughtworks
Viva,Felice Fawson,china-unionpay,1424,Eabox
Pannier,Stavro Butchart,jcb,881,Chatterpoint
Opela,Peta Taylor,jcb,1669,Skipfire
Sonair,Tamarah Dyne,instapayment,1040,Jabbercube
Viva,Herta Goldine,jcb,1073,Fliptune
Opela,Fae Garric,jcb,1341,Brainbox
Quo Lux,Dorey Bickerdicke,jcb,979,Zoovu
Alphazap,Jolie Monget,jcb,1672,Dablist
Alpha,Art Ridwood,jcb,1168,Babblestorm
Zaam-Dox,Maryl Kondratenya,diners-club-international,510,Twitterbridge
Wrapsafe,Sergei Humble,diners-club-international,1931,Dabvine
Namfix,Roderigo Maytum,switch,1407,Browsetype
Sonsing,Cosme Fetherstan,china-unionpay,1433,Tagcat
Job,Chandra Authers,jcb,376,Lazz
Solarbreeze,Lauri Ricca,jcb,1203,Realcube
Bigtax,Douglas Geraldo,switch,1444,Photobean
Domainer,Lucias Sketchley,diners-club-enroute,69,Vinder
Solarbreeze,Jeremie Sherrett,china-unionpay,1884,Yodo
Andalax,Clarisse Mauchline,jcb,403,Wordware
Zoolab,Haywood Yitzovitz,china-unionpay,873,Fatz
Regrant,Calli Coneron,americanexpress,1009,Jamia
Bytecard,Faun Demead,jcb,1486,Wikido
Daltfresh,Babbette Matts,solo,1475,Kwideo
Cardify,Hanni Schultes,switch,1272,Yodo
Zathin,Emmey Quilleash,switch,487,Voolia
Pannier,Odella Greg,china-unionpay,384,Mynte
Regrant,Ludwig Canby,jcb,815,Fivechat
Lotstring,Kara-lynn Spencer,maestro,977,Pixope
Aerified,Xylina Asbury,visa-electron,1239,Youfeed
Rank,Evangelia Rotham,jcb,1186,Muxo
Sonair,Viviene Shallcrass,laser,1300,Skinte
Wrapsafe,Dolli O'Crotty,americanexpress,430,Demivee
Viva,Andie Clair,visa,1446,Blogtag
Solarbreeze,Ruprecht Addekin,jcb,354,Kayveo
Wrapsafe,Ginnie Doman,switch,635,Youopia
Sonsing,Case Shallow,switch,116,Ailane
Fintone,Hildy Deverock,jcb,1317,Edgewire
Vagram,Dewain Kneath,americanexpress,1084,Mita
Job,Kaitlin Guthrum,diners-club-enroute,1350,Aivee
Flexidy,Dorice Antoinet,diners-club-enroute,247,Realfire
Aerified,Ingelbert Nehls,jcb,638,Gabspot
Asoka,Carri Kirtland,jcb,387,Camimbo
Overhold,Skip Cavey,jcb,261,Avaveo
Gembucket,Vivien McCarrick,jcb,1127,Brainlounge
Span,Charla Tapsfield,jcb,1830,Skibox
Zamit,Benni Veljes,laser,1452,Rhycero
Span,Alexia Pinks,jcb,1244,Rhyloo
Zamit,Brittney Purslow,jcb,90,Yozio
Domainer,Brandais Guthrum,maestro,991,Zazio
Home Ing,Giffard Srutton,diners-club-carte-blanche,793,Yata
Fixflex,Loni Startin,jcb,1552,Kimia
Rank,Cornie Percifull,diners-club-carte-blanche,272,Skibox
Konklab,Chaim Hollyman,diners-club-us-ca,957,Oyondu
Voltsillam,Dmitri O'Neal,maestro,1447,Mynte
Rank,Elora Grzesiak,maestro,988,Rhyloo
Kanlam,Clint Rainford,jcb,1635,Agivu
Viva,Bernette Acutt,jcb,1769,Yozio
Rank,Sheffy Eatherton,laser,924,Zoomdog
Gembucket,Buck Bullingham,americanexpress,485,Yombu
Konklab,Eliot Eborn,jcb,1357,Mybuzz
Otcom,Meredith Pirkis,diners-club-carte-blanche,476,Dynabox
Subin,Halette Brusin,jcb,1000,Voomm
Tresom,Jameson Scrimgeour,bankcard,218,Linklinks
Flowdesk,Lu Banck,americanexpress,408,Kamba
It,Esme Kibel,visa-electron,308,Divape
Tresom,Frazer Twitchett,instapayment,1704,Gigazoom
Alphazap,Christan Mountjoy,visa-electron,1468,Flipstorm
It,Jocelin Pancast,jcb,72,Mydeo
Trippledex,Stern Pautot,maestro,801,Skyvu
Daltfresh,Pamella Pudding,jcb,1352,Buzzdog
Daltfresh,Decca Peck,maestro,997,Oyope
Aerified,Gustie Deeman,solo,1002,Bluezoom
Latlux,Farley Dracey,jcb,1109,Rhynoodle
Rank,Marilee Laboune,china-unionpay,855,Blogspan
Cookley,Goddard Marns,jcb,1185,LiveZ
Alphazap,Brandice Iddy,jcb,860,Talane
Y-find,Charisse Keld,diners-club-carte-blanche,562,Camido
Home Ing,Lanie Walwood,china-unionpay,1169,Flashdog
Subin,Barbette Stanmore,jcb,1615,Linktype
Temp,Deborah Megainey,switch,369,Topicshots
Holdlamis,Misty Jerche,jcb,597,Buzzbean
Fixflex,Jacqui Kerwin,jcb,294,Mita
Job,Gavin Comins,jcb,637,Tagfeed
Y-find,Francois Vonasek,diners-club-enroute,62,Feedmix
Cardify,Anabel Divall,mastercard,1386,Thoughtsphere
Vagram,Paulita Deschlein,mastercard,451,Kwilith
Aerified,Quintin De La Haye,diners-club-carte-blanche,965,Jetpulse
Solarbreeze,Leonard Sheals,americanexpress,480,Divavu
Overhold,Gonzales Andraud,maestro,1416,Gabcube
Otcom,Courtenay Baggot,maestro,1495,Feedmix
Kanlam,Kele Bysaker,americanexpress,1442,Trunyx
Subin,Gasparo Eatherton,mastercard,1162,Meezzy
Pannier,Jillane Kermon,jcb,433,Mynte
Alphazap,Charis Blagdon,jcb,1738,Skipfire
Solarbreeze,Horace Shugg,china-unionpay,1320,Plambee
Namfix,Marthena Pelosi,jcb,958,Photobean
Tempsoft,Berny Willeson,diners-club-carte-blanche,1701,Geba
Cookley,Gerti Shyram,jcb,288,Voonyx
Greenlam,Arlana Borer,jcb,187,Browsetype
Duobam,Clayton Aitchinson,switch,412,Mydeo
Duobam,Cathrine Tomczak,switch,328,Oyope
Domainer,Jed Shemilt,solo,1591,Muxo
Y-Solowarm,Caresse Danielli,jcb,900,Thoughtblab
Temp,Killian Derye-Barrett,jcb,750,Roomm
Holdlamis,Wynne Moverley,visa,1400,Livetube
Subin,Cori Smith,diners-club-carte-blanche,1112,Skalith
Subin,Hobie Folomkin,visa,1104,Dabfeed
Fix San,Obadiah O'Riordan,diners-club-carte-blanche,1003,Yabox
Redhold,Kayley Alexandre,diners-club-enroute,1930,Camimbo
Sonsing,Willyt Eyckel,bankcard,533,Eimbee
Keylex,Halimeda Fomichyov,switch,1708,Ntags
Tres-Zap,Mill Walthall,mastercard,1733,Feedfire
Viva,Willette Marquand,jcb,968,Dazzlesphere
Quo Lux,Deb Somerfield,jcb,1661,Wikivu
Wrapsafe,Barton McVaugh,americanexpress,1651,Skyvu
Gembucket,Aaren Christoffersen,jcb,207,Shufflebeat
Stronghold,Graham O'Duilleain,jcb,1538,Reallinks
Zontrax,Jonis Danzelman,mastercard,1582,Twitterwire
Cardify,Francois Sieur,diners-club-carte-blanche,432,Eayo
Stronghold,Chloette Malthouse,jcb,958,Fivespan
Hatity,Lucian Filliskirk,mastercard,1317,Topdrive
Stim,Annissa Swansborough,jcb,73,Babbleblab
Overhold,Beatrice Jarred,switch,1200,Fivebridge
Konklab,Jamie Bednall,jcb,852,Eazzy
Zoolab,Timmi Greig,jcb,113,Voonix
Stim,Aleda Petrolli,jcb,216,Photolist
Tres-Zap,Natassia Whenman,china-unionpay,1293,Vinte
Stim,Blanch Aust,solo,911,Rooxo
Voyatouch,Arlene Gascoyne,jcb,197,Mynte
Holdlamis,Delmer Bendson,bankcard,1721,Riffpedia
It,Noby Gallico,bankcard,1726,Browsedrive
Bigtax,Mischa Zorzoni,mastercard,317,Voonte
Overhold,Dominick Brecher,jcb,1233,LiveZ
Redhold,Basia Mendonca,bankcard,665,Gabspot
Mat Lam Tam,Bunni Piff,jcb,417,InnoZ
Trippledex,Beatrix Manna,jcb,993,Shufflebeat
Sonsing,Andreana Beeby,laser,184,Zoonder
Voltsillam,Wilmar Bleckly,laser,1250,Jaxnation
Zathin,Loren Mynett,jcb,363,Photobean
Ventosanzap,Codi Raymen,jcb,80,Thoughtworks
Asoka,Quintina Begbie,bankcard,1265,Kimia
Tempsoft,Crystie Kinton,jcb,127,Skyba
Treeflex,Brien Fitchew,visa-electron,70,Skinder
Tresom,Karly Fayter,mastercard,918,Skippad
Tampflex,Wallas Rodie,mastercard,1486,Livetube
Latlux,Roana Discombe,jcb,88,Quimm
Matsoft,Kristian Maleby,jcb,174,Jaxbean
Sonsing,Ferrel Fairham,diners-club-enroute,90,Centizu
Rank,Jermain Euler,china-unionpay,337,Tagpad
Tampflex,Teddy MacCartair,jcb,652,Oyonder
Flexidy,Cris Lightman,instapayment,105,Twitternation
Redhold,Bern Crann,jcb,517,Edgeblab
Tampflex,Abie Brownett,jcb,1108,Flipopia
Home Ing,Jamey Riordan,mastercard,1366,Rhyloo
Zoolab,Edmund Molohan,china-unionpay,357,Edgewire
Matsoft,Coralie Makeswell,americanexpress,1111,Brainlounge
Bigtax,Ky Oxtoby,jcb,1717,Skyba
Ronstring,Raven Tourner,americanexpress,196,Kwimbee
Gembucket,Quincey Bane,bankcard,804,Zoonder
Toughjoyfax,Any MacPaden,visa,886,Vipe
Bytecard,Lia Duns,maestro,523,Twitterwire
Matsoft,Radcliffe Dunbobbin,jcb,1151,Twitterbridge
Daltfresh,Rachel Dewer,diners-club-carte-blanche,1200,Yadel
Latlux,Enrika Reven,visa-electron,154,Mita
Voltsillam,Corbett Kobierzycki,diners-club-carte-blanche,1624,Fivespan
Solarbreeze,Monique Saylor,china-unionpay,1723,Yozio
Zontrax,Claire Habens,jcb,597,Quaxo
Cookley,Ronni Thams,laser,1686,Mymm
Sonair,Matty Gloster,china-unionpay,1084,Buzzbean
Latlux,Fleurette Raynard,jcb,1017,Realmix
Quo Lux,Coop Likly,jcb,234,Twimbo
Zaam-Dox,Ky Matijevic,americanexpress,1206,Jaxnation
Sonair,Otha Breem,instapayment,1945,Fanoodle
Span,Park Philip,jcb,1614,Skaboo
Lotlux,Alex Bofield,jcb,1143,Plajo
Stronghold,Hannah Glede,diners-club-us-ca,1330,Livetube
Latlux,Viki Nucci,diners-club-us-ca,1921,Zoombeat
Sonair,Skylar Merrell,jcb,1118,Yakijo
Ventosanzap,Connie Scandred,jcb,182,Blogtags
Toughjoyfax,Joli MacLoughlin,switch,1873,Browsezoom
Viva,Damian Girardini,jcb,250,Skinder
Konklab,Wendi Faulconbridge,jcb,1081,Flipstorm
Stim,Abraham Casella,mastercard,1082,Edgeify
Bamity,Marylynne Milligan,diners-club-carte-blanche,697,Zoomlounge
Tres-Zap,Eilis Birtwell,jcb,1189,Yakidoo
Ventosanzap,Floyd Jaher,jcb,244,Mudo
Trippledex,Buck Skirving,maestro,882,Blognation
Zamit,Pattie Spittles,jcb,707,Aimbu
Sub-Ex,Genni Kyteley,mastercard,362,Zoomzone
Keylex,Fidel Shrubsall,maestro,459,Gigabox
Sonsing,Adoree Nevison,jcb,54,Cogilith
Otcom,Monah Klaes,jcb,764,Rhynyx
Treeflex,Wiley McGarva,maestro,1411,Brightbean
Bigtax,Demeter Eyre,diners-club-enroute,653,Skyndu
Zontrax,Pauletta Charon,visa,613,Wordware
Viva,Mortimer Collidge,visa-electron,586,Divavu
Sonair,Allene Heindl,china-unionpay,1787,Plajo
Voyatouch,Rosanna Dinneen,diners-club-carte-blanche,1344,Gabtune
Aerified,Gabey O'Meara,maestro,101,Oyoba
Bamity,Lawton Comello,jcb,696,Cogibox
Job,Adlai Prendiville,solo,1745,Kazu
Opela,Tildi Vignal,switch,782,Kayveo
Tin,Milli Campe,maestro,1690,Mybuzz
Home Ing,Alford Vasilischev,jcb,1254,Thoughtbeat
Prodder,Andonis Fehely,jcb,1761,Tagpad
Zaam-Dox,Johannah Karpeev,jcb,1123,Kwimbee
Domainer,Pavla Gorges,americanexpress,223,Cogibox
Job,Eleonore Simpkiss,maestro,475,Camimbo
Toughjoyfax,Noellyn Lewendon,jcb,1287,Devbug
Prodder,Far Rubbert,jcb,753,Roodel
Opela,Amaleta Poone,mastercard,784,Twinder
Cardguard,Barney Bertomier,jcb,1395,Omba
Vagram,Vikky Sheekey,jcb,1014,Yakitri
Alpha,Yank Stopp,jcb,944,Innotype
Zaam-Dox,Amery Ayers,visa,878,Babbleset
Transcof,Isabella Domeny,solo,266,Linkbridge
Trippledex,Gan Foxwell,mastercard,321,Yakidoo
Greenlam,Tad Simon,china-unionpay,1498,Ainyx
Duobam,Karlee McNalley,jcb,561,Voomm
Aerified,Kim Mabey,laser,1582,Yamia
Zontrax,Annice Faughny,americanexpress,1847,Thoughtsphere
Konklab,Pieter Arnot,mastercard,1482,Youopia
Biodex,Roby Brigdale,jcb,231,Edgewire
Y-find,Carlie Hallam,mastercard,1824,Feedspan
Alpha,Lazare Barsam,americanexpress,797,Brainsphere
Bitchip,Penelopa Pauley,jcb,1464,Feedfire
Andalax,Florie Suero,jcb,585,Talane
Tampflex,Clarette Chelsom,diners-club-enroute,907,Kimia
Aerified,Alistair Paris,jcb,703,Fliptune
Zoolab,Emlynn Pickett,jcb,417,Twitterbeat
Voyatouch,Roosevelt Eidelman,china-unionpay,69,Miboo
Span,Ardra Critcher,jcb,1143,Camido
Job,Lexi Pittendreigh,diners-club-enroute,715,Brightbean
Solarbreeze,Loren Parr,jcb,1251,Yodel
Transcof,Bianka Gookes,jcb,1234,Buzzdog
Cardguard,Sheena Possel,mastercard,287,Zooveo
Transcof,Fritz Daspar,switch,763,InnoZ
Namfix,Lizzy Bussey,jcb,704,Feedspan
Konklux,Reilly Pleass,diners-club-carte-blanche,373,Tagpad
Bigtax,Elizabeth Kelling,jcb,1914,Linktype
Holdlamis,Bibbye Kissock,laser,897,Gabtune
Temp,Beauregard Wilacot,jcb,92,Yamia
Zathin,Rubie Teaze,americanexpress,858,Thoughtstorm
Wrapsafe,Mariele Wingeat,americanexpress,696,BlogXS
Aerified,Ange Whitnell,visa,961,Skiba
Zontrax,Sib D'Ambrosi,diners-club-enroute,544,Roomm
Regrant,Ansel Presidey,bankcard,1454,Yoveo
Sub-Ex,Darleen Mulkerrins,jcb,1888,Rhyloo
Bitchip,Marrissa Attac,maestro,511,Browsetype
Stim,Arin Nelius,jcb,578,Gigaclub
Duobam,Emmalee Vest,americanexpress,326,Meemm
Bigtax,Alina Morat,maestro,73,Quatz
Mat Lam Tam,Base Job,jcb,653,Tavu
Lotlux,Daveen Emanulsson,bankcard,206,Youbridge
Sonsing,Chandal Hindsberg,jcb,1079,Devcast
Viva,Sukey Bordiss,mastercard,155,Quimba
Bytecard,Anet Inskipp,jcb,87,Wikivu
Latlux,Rosalie Fould,china-unionpay,586,Bluezoom
Zoolab,Lacy Sive,jcb,999,Jabberstorm
Alpha,Amelina Suffield,jcb,1329,Jabbertype
Domainer,Brockie Syalvester,jcb,420,Voonder
Matsoft,Cookie Behnen,jcb,513,Skimia
Holdlamis,Tremaine Hamflett,jcb,1065,Meeveo
Tres-Zap,Hermie Fihelly,jcb,294,Feedspan
Konklab,Kliment Westberg,diners-club-carte-blanche,1701,Youspan
Zontrax,Emmeline Brithman,jcb,524,Talane
Zoolab,Verina Unwin,jcb,983,Realblab
Bitchip,Jason Lung,jcb,520,Jabberstorm
Prodder,Juliane Shackleton,switch,965,Avamm
Mat Lam Tam,Penelope De Laci,laser,1756,Jazzy
Stronghold,Malynda Blondelle,diners-club-enroute,1885,Livefish
Stringtough,Marietta Jacobssen,jcb,775,Skiptube
Bitchip,Lissi Wabe,switch,482,Fiveclub
Y-Solowarm,Maurizia Wilkinson,jcb,676,Kwimbee
Temp,Katinka Papa,americanexpress,374,Lazzy
Biodex,Mariska Bockman,jcb,1063,Photolist
Job,Caterina Hartfleet,jcb,1793,Dabjam
Lotlux,Shayne Dossantos,diners-club-enroute,1582,Devshare
Fixflex,Sandi Souter,mastercard,230,Meevee
Redhold,Eugenius Merrett,americanexpress,972,Jabberstorm
Fixflex,Svend Gribbins,jcb,352,Bluezoom
Fixflex,Walt Chidley,maestro,744,Wordtune
Cardify,Marie Junkin,jcb,577,Kwideo
Tempsoft,Riordan Eayres,mastercard,810,Yoveo
Flowdesk,Al Grishagin,bankcard,1224,Aimbo
Vagram,Maddi Rosthorn,jcb,681,Dynabox
Andalax,Peg Bramelt,jcb,1839,Livetube
Stronghold,Jeannie Glamart,switch,1061,Twinte
Bytecard,Humfrid Gildroy,mastercard,667,Omba
Holdlamis,Woodrow Hargroves,jcb,953,Mybuzz
Home Ing,Ferdinand Ingham,jcb,917,Realbridge
Quo Lux,Bronson Beade,jcb,1110,Tagpad
Subin,Siobhan Yeudall,jcb,394,Yabox
Duobam,Bertram Lockton,jcb,1781,Shuffledrive
Domainer,Trixie Franzonello,mastercard,740,Agivu
Biodex,Erminie Jerson,maestro,504,Trudoo
Rank,Carina Iveans,americanexpress,1565,Reallinks
Y-Solowarm,Torrey Crowley,jcb,395,Skyndu
Kanlam,Dorothea Blazevic,jcb,657,Cogilith
Holdlamis,Trudey Marritt,jcb,70,Ailane
Subin,Theresa Karpman,jcb,1781,Ooba
Domainer,Clementius Mines,diners-club-carte-blanche,1801,Realcube
Tampflex,Valentine Brockbank,jcb,1425,Dablist
